[
    {
        "factura": 1,
        "Fecha": "2024-04-28",
        "cliente": "MAITTE LOPEZ",
        "subtotal": 20.0,
        "descuento": 2.0,
        "iva": 2.16,
        "total": 20.16,
        "detalle": [
            {
                "poducto": "manzana",
                "precio": 1.0,
                "cantidad": 12
            },
            {
                "poducto": "cocacola",
                "precio": 0.8,
                "cantidad": 5
            },
            {
                "poducto": "aceite",
                "precio": 2.0,
                "cantidad": 2
            }
        ]
    },
    {
        "factura": 2,
        "Fecha": "2024-04-29",
        "cliente": "Jeanella Alvarado",
        "subtotal": 11806.0,
        "descuento": 1180.6,
        "iva": 1275.05,
        "total": 11900.45,
        "detalle": [
            {
                "poducto": "aceite",
                "precio": 2.0,
                "cantidad": 3
            },
            {
                "poducto": "telefono",
                "precio": 900.0,
                "cantidad": 2
            },
            {
                "poducto": "laptop",
                "precio": 10000.0,
                "cantidad": 1
            }
        ]
    }
]